<?xml version="1.0" encoding="UTF-8"?>
<project-private xmlns="http://www.netbeans.org/ns/project-private/1">
    <editor-bookmarks xmlns="http://www.netbeans.org/ns/editor-bookmarks/2" lastBookmarkId="0"/>
    <open-files xmlns="http://www.netbeans.org/ns/projectui-open-files/2">
        <group>
            <file>file:/C:/xampp/htdocs/onlineshop/vendor/product_list.php</file>
            <file>file:/C:/xampp/htdocs/onlineshop/sell.php</file>
            <file>file:/C:/xampp/htdocs/onlineshop/vendor/index.php</file>
            <file>file:/C:/xampp/htdocs/onlineshop/vendor/include/menu-nav.php</file>
            <file>file:/C:/xampp/htdocs/onlineshop/vendor/profile.php</file>
            <file>file:/C:/xampp/htdocs/onlineshop/superadmin/profile.php</file>
            <file>file:/C:/xampp/htdocs/onlineshop/vendor/lib/ReturnMsg.php</file>
            <file>file:/C:/xampp/htdocs/onlineshop/vendor/authentication.php</file>
            <file>file:/C:/xampp/htdocs/onlineshop/vendor/include/top-nav-auth.php</file>
            <file>file:/C:/xampp/htdocs/onlineshop/vendor/edit_product.php</file>
            <file>file:/C:/xampp/htdocs/onlineshop/vendor/product_upload.php</file>
        </group>
    </open-files>
</project-private>
